[{"pk": 1, "model": "portal.telefono", "fields": {"tipo": "Cl", "numero": "9999999"}}, {"pk": 2, "model": "portal.telefono", "fields": {"tipo": "Fi", "numero": "+51-54-212172"}}, {"pk": 2, "model": "portal.representanteempresa", "fields": {"nombre": "Juan Carlos C\u00f3rdova", "cargo_en": "", "cargo_es": "Presidente del directorio", "email": "jcordova@quimerahg.com", "cargo": "Presidente del directorio"}}, {"pk": 3, "model": "portal.representanteempresa", "fields": {"nombre": "Leonidas Zavala", "cargo_en": "", "cargo_es": "Director Financiero", "email": "lzavala@quimerahg.com", "cargo": "Director Financiero"}}, {"pk": 1, "model": "portal.empresa", "fields": {"filosofia_es": "<p><span style=\"font-size: small;\">Compartimos ideales y objetivos con nuestros colaboradores y asociados: el desarrollo mutuo basado en principios &eacute;ticos, la creatividad e innovaci&oacute;n constante y el respeto del medio ambiente. Valoramos el aporte de cada ser humano, porque creemos en sus ideas y sue&ntilde;os, y en la posibilidad de hacerlos realidad. Nuestra raz&oacute;n es trascender en el tiempo, liderando el presente para construir un futuro exitoso.</span></p>", "mision": "<p><span style=\"font-size: small;\"><strong>MISI&Oacute;N &nbsp;</strong></span><span style=\"font-size: small;\">Miramos lo mismo, vemos diferente</span></p>", "filosofia_en": "", "descripcion": "<p><span style=\"font-size: small;\" lang=\"ES-TRAD\">Somos un grupo econ&oacute;mico integrado por una gama de empresas en sectores estrat&eacute;gicos de alto crecimiento, l&iacute;deres en la regi&oacute;n Sur del Per&uacute;. Nuestro objetivo es crear y desarrollar unidades de negocio del m&aacute;s alto rendimiento y generar sinergias entre los asociados, proyect&aacute;ndonos fuera de nuestro &aacute;mbito original en el mediano y largo plazo.</span></p>\r\n<p><span style=\"font-size: small;\" lang=\"ES-TRAD\">Nos caracterizamos por identificar oportunidades &uacute;nicas y emprender singulares negocios en los cuales aportamos nuestra visi&oacute;n, asoci&aacute;ndonos con empresas de primer orden y dirigiendo nuestras operaciones con liderazgo y responsabilidad social.&nbsp;</span></p>", "logo": "fotos/jir2rhxJ5xJ5udjgUYGz.png", "google_account": "", "twitter_account": "", "mision_en": "", "historia_en": "", "direccion": "Jacinto Iba\u00f1ez 315, Parque Industrial - Cercano, Arequipa - PERU", "facebook_account": "", "historia_es": "<p><span style=\"font-size: small;\" lang=\"ES-TRAD\">La estructura empresarial actual y consolidaci&oacute;n del grupo se han llevado a cabo durante los &uacute;ltimos 5 a&ntilde;os &nbsp;gracias a una buena gesti&oacute;n y el aprovechamiento de una positiva coyuntura econ&oacute;mica nacional y regional. Durante este per&iacute;odo hemos incursionado en el sector inmobiliario, en servicios mineros, servicios ambientales y de reciclaje, ocio y turismo, en transporte de carga controlada y comercializaci&oacute;n de productos de consumo masivo.</span></p>\r\n<p><span style=\"font-size: small;\" lang=\"ES-TRAD\">A pesar del crecimiento acelerado reciente, nuestro origen como grupo privado familiar se remonta a los a&ntilde;os 30 del siglo pasado, cuando con mucha visi&oacute;n de futuro fuimos pioneros en la ciudad de Arequipa de la comercializaci&oacute;n de combustibles y lubricantes importados. Posteriormente innovamos nuevamente con la instalaci&oacute;n de una planta para proveer servicios de reencauche de neum&aacute;ticos de veh&iacute;culos comerciales y mineros.</span></p>", "mision_es": "<p><span style=\"font-size: small;\"><strong>MISI&Oacute;N &nbsp;</strong></span><span style=\"font-size: small;\">Miramos lo mismo, vemos diferente</span></p>", "nombre": "Quimera HG", "telefono": 2, "email": "info@quimerahg.com", "filosofia": "<p><span style=\"font-size: small;\">Compartimos ideales y objetivos con nuestros colaboradores y asociados: el desarrollo mutuo basado en principios &eacute;ticos, la creatividad e innovaci&oacute;n constante y el respeto del medio ambiente. Valoramos el aporte de cada ser humano, porque creemos en sus ideas y sue&ntilde;os, y en la posibilidad de hacerlos realidad. Nuestra raz&oacute;n es trascender en el tiempo, liderando el presente para construir un futuro exitoso.</span></p>", "historia": "<p><span style=\"font-size: small;\" lang=\"ES-TRAD\">La estructura empresarial actual y consolidaci&oacute;n del grupo se han llevado a cabo durante los &uacute;ltimos 5 a&ntilde;os &nbsp;gracias a una buena gesti&oacute;n y el aprovechamiento de una positiva coyuntura econ&oacute;mica nacional y regional. Durante este per&iacute;odo hemos incursionado en el sector inmobiliario, en servicios mineros, servicios ambientales y de reciclaje, ocio y turismo, en transporte de carga controlada y comercializaci&oacute;n de productos de consumo masivo.</span></p>\r\n<p><span style=\"font-size: small;\" lang=\"ES-TRAD\">A pesar del crecimiento acelerado reciente, nuestro origen como grupo privado familiar se remonta a los a&ntilde;os 30 del siglo pasado, cuando con mucha visi&oacute;n de futuro fuimos pioneros en la ciudad de Arequipa de la comercializaci&oacute;n de combustibles y lubricantes importados. Posteriormente innovamos nuevamente con la instalaci&oacute;n de una planta para proveer servicios de reencauche de neum&aacute;ticos de veh&iacute;culos comerciales y mineros.</span></p>", "descripcion_en": "", "vision_en": "", "valores_es": "<p><span style=\"font-size: small;\">Compromiso, Entusiasmo, Innovaci&oacute;n, Flexibilidad, Proactividad, Solidaridad, Sostenibilidad, Trabajo en equipo</span></p>", "valores": "<p><span style=\"font-size: small;\">Compromiso, Entusiasmo, Innovaci&oacute;n, Flexibilidad, Proactividad, Solidaridad, Sostenibilidad, Trabajo en equipo</span></p>", "valores_en": "", "descripcion_es": "<p><span style=\"font-size: small;\" lang=\"ES-TRAD\">Somos un grupo econ&oacute;mico integrado por una gama de empresas en sectores estrat&eacute;gicos de alto crecimiento, l&iacute;deres en la regi&oacute;n Sur del Per&uacute;. Nuestro objetivo es crear y desarrollar unidades de negocio del m&aacute;s alto rendimiento y generar sinergias entre los asociados, proyect&aacute;ndonos fuera de nuestro &aacute;mbito original en el mediano y largo plazo.</span></p>\r\n<p><span style=\"font-size: small;\" lang=\"ES-TRAD\">Nos caracterizamos por identificar oportunidades &uacute;nicas y emprender singulares negocios en los cuales aportamos nuestra visi&oacute;n, asoci&aacute;ndonos con empresas de primer orden y dirigiendo nuestras operaciones con liderazgo y responsabilidad social.&nbsp;</span></p>", "vision_es": "<p><strong><span style=\"font-size: small;\">VISI&Oacute;N &nbsp;</span></strong><span style=\"font-size: small;\">Lideramos cambios para el desarrollo</span></p>", "vision": "<p><strong><span style=\"font-size: small;\">VISI&Oacute;N &nbsp;</span></strong><span style=\"font-size: small;\">Lideramos cambios para el desarrollo</span></p>"}}, {"pk": 1, "model": "portal.representanteunidad", "fields": {"nombre": "Guillermo Saenz", "email": "gsaenz@quimerahg.com"}}, {"pk": 2, "model": "portal.representanteunidad", "fields": {"nombre": "Andr\u00e9s Manrique", "email": "amanrique@quimerahg.com"}}, {"pk": 3, "model": "portal.representanteunidad", "fields": {"nombre": "Mauricio Cordova", "email": "mcordova@quimerahg.com"}}, {"pk": 4, "model": "portal.representanteunidad", "fields": {"nombre": "Alfonso Corzo", "email": "acorzo@quimerahg.com"}}, {"pk": 5, "model": "portal.representanteunidad", "fields": {"nombre": "Paola Fuster", "email": "pfuster@quimerahg.com"}}, {"pk": 7, "model": "portal.representanteunidad", "fields": {"nombre": "Luis Alberto Abojer", "email": "aabojer@quimerahg.com"}}, {"pk": 6, "model": "portal.representanteunidad", "fields": {"nombre": "C\u00e9sar Requejo", "email": "crequejo@quimerahg.com"}}, {"pk": 10, "model": "portal.representanteunidad", "fields": {"nombre": "Reth C\u00f3rdova", "email": "rcordova@quimerahg.com"}}, {"pk": 1, "model": "portal.unidadnegocio", "fields": {"representantes": [1], "empresa": 1, "descripcion_en": "", "email_contacto": "luisjarufe@gmail.com", "nombre_en": "", "clientes_es": "", "descripcion_es": "<p>Quimera Inmobiliaria es una divisi&oacute;n de Quimera Hg, la cual cuenta con m&aacute;s de 22 proyectos en cartera, relaciones comerciales con las principales empresas del Sur del Per&uacute; as&iacute; como sociedades con empresas internacionales. Contamos asimismo con m&aacute;s de 522,000 m2 habilitados y 2,000,000 m2 en avance y en proyecto, entre desarrollos residenciales, de oficinas corporativas, comerciales, almacenes, industria y en el sector hotelero, en todos los segmentos del mercado (A, B, C y D).&nbsp;</p>", "clientes_en": "", "nombre_es": "Inmobiliaria", "clientes": null, "logo": "fotos/kf4DmaILikvXIllFgbv9.png", "descripcion": "<p>Quimera Inmobiliaria es una divisi&oacute;n de Quimera Hg, la cual cuenta con m&aacute;s de 22 proyectos en cartera, relaciones comerciales con las principales empresas del Sur del Per&uacute; as&iacute; como sociedades con empresas internacionales. Contamos asimismo con m&aacute;s de 522,000 m2 habilitados y 2,000,000 m2 en avance y en proyecto, entre desarrollos residenciales, de oficinas corporativas, comerciales, almacenes, industria y en el sector hotelero, en todos los segmentos del mercado (A, B, C y D).&nbsp;</p>", "nombre": "Inmobiliaria", "bg_image": "fotos/IiP4TYkdfRkDmx2Kev9s.png"}}, {"pk": 2, "model": "portal.unidadnegocio", "fields": {"representantes": [2], "empresa": 1, "descripcion_en": "", "email_contacto": null, "nombre_en": "", "clientes_es": "", "descripcion_es": "<p>Como una muestra de nuestro compromiso con el medio ambiente creamos una divisi&oacute;n dedicada a la protecci&oacute;n, conservaci&oacute;n y cuidado de &eacute;ste. Dentro de esta unidad proveemos servicios de recolecci&oacute;n de residuos t&oacute;xicos y no t&oacute;xicos de empresas industriales, comerciales y mineras, brindando un certificado de disposici&oacute;n final. Adem&aacute;s contamos con una planta de biodiesel y craqueo para convertir aceites usados vegetales, minerales y derivados de caucho en combustible. Tambi&eacute;n creamos y auspiciamos campa&ntilde;as de reforestaci&oacute;n y reciclaje en los hogares.</p>\r\n<p>Brindamos servicios de gesti&oacute;n integral de residuos s&oacute;lidos (recolecci&oacute;n, almacenamiento, transporte, segregaci&oacute;n y transformaci&oacute;n de residuos peligrosos y no peligrosos) a empresas, industrias e instituciones en la macro regi&oacute;n Sur.</p>\r\n<p>Contamos con una planta de Biodiesel, cuyo proceso se realiza a&nbsp;partir del aceite vegetal usado y mediante el proceso de transesterificaci&oacute;n, utilizamos Metanol y NaOH (soda c&aacute;ustica) que al mezclarlo con el aceite rompe las uniones de la mol&eacute;cula de aceite, liberando&nbsp;glicerina&nbsp;y&nbsp;&aacute;cidos grasos. Estos &uacute;ltimos se unen al&nbsp;metanol&nbsp;formando el Biodiesel.</p>\r\n<p>Para hacer efectiva la disposici&oacute;n del aceite mineral, llantas y pl&aacute;stico, utilizamos el proceso de destilaci&oacute;n con craqueo catal&iacute;tico y destilaci&oacute;n por pir&oacute;lisis&nbsp;en el cual se obtienen cadenas de hidrocarburos m&aacute;s cortas en forma de gases, que luego son condensadas para finalmente obtener un combustible de similares caracter&iacute;sticas al Di&eacute;sel, denominado Gas&oacute;leo.</p>\r\n<p>El proceso de destilaci&oacute;n de aceites se da a&nbsp;partir del aceite usado y mediante el proceso de craqueo mediante el cual se separan y limpian los diferentes fluidos de hidrocarburos de acuerdo a la diferencia de puntos de ebullici&oacute;n. Este proceso se lleva a cabo principalmente en la torre de fraccionamiento, que trabaja a temperaturas cercanas de 350 &deg;C y presi&oacute;n ligeramente menor a la atmosf&eacute;rica. Este proceso tiene como fin, eliminar impurezas y materiales no deseados de los de los combustibles obtenidos del craqueo de aceite. El producto final que se obtiene es un&nbsp; combustible industrial de similares caracter&iacute;sticas del Di&eacute;sel&nbsp; pero con menor contenido de azufre tambi&eacute;n denominado Gasoleo.</p>", "clientes_en": "", "nombre_es": "Medio Ambiente", "clientes": null, "logo": "fotos/Ygehq3JMTYLeoyXz8VSy.png", "descripcion": "<p>Como una muestra de nuestro compromiso con el medio ambiente creamos una divisi&oacute;n dedicada a la protecci&oacute;n, conservaci&oacute;n y cuidado de &eacute;ste. Dentro de esta unidad proveemos servicios de recolecci&oacute;n de residuos t&oacute;xicos y no t&oacute;xicos de empresas industriales, comerciales y mineras, brindando un certificado de disposici&oacute;n final. Adem&aacute;s contamos con una planta de biodiesel y craqueo para convertir aceites usados vegetales, minerales y derivados de caucho en combustible. Tambi&eacute;n creamos y auspiciamos campa&ntilde;as de reforestaci&oacute;n y reciclaje en los hogares.</p>\r\n<p>Brindamos servicios de gesti&oacute;n integral de residuos s&oacute;lidos (recolecci&oacute;n, almacenamiento, transporte, segregaci&oacute;n y transformaci&oacute;n de residuos peligrosos y no peligrosos) a empresas, industrias e instituciones en la macro regi&oacute;n Sur.</p>\r\n<p>Contamos con una planta de Biodiesel, cuyo proceso se realiza a&nbsp;partir del aceite vegetal usado y mediante el proceso de transesterificaci&oacute;n, utilizamos Metanol y NaOH (soda c&aacute;ustica) que al mezclarlo con el aceite rompe las uniones de la mol&eacute;cula de aceite, liberando&nbsp;glicerina&nbsp;y&nbsp;&aacute;cidos grasos. Estos &uacute;ltimos se unen al&nbsp;metanol&nbsp;formando el Biodiesel.</p>\r\n<p>Para hacer efectiva la disposici&oacute;n del aceite mineral, llantas y pl&aacute;stico, utilizamos el proceso de destilaci&oacute;n con craqueo catal&iacute;tico y destilaci&oacute;n por pir&oacute;lisis&nbsp;en el cual se obtienen cadenas de hidrocarburos m&aacute;s cortas en forma de gases, que luego son condensadas para finalmente obtener un combustible de similares caracter&iacute;sticas al Di&eacute;sel, denominado Gas&oacute;leo.</p>\r\n<p>El proceso de destilaci&oacute;n de aceites se da a&nbsp;partir del aceite usado y mediante el proceso de craqueo mediante el cual se separan y limpian los diferentes fluidos de hidrocarburos de acuerdo a la diferencia de puntos de ebullici&oacute;n. Este proceso se lleva a cabo principalmente en la torre de fraccionamiento, que trabaja a temperaturas cercanas de 350 &deg;C y presi&oacute;n ligeramente menor a la atmosf&eacute;rica. Este proceso tiene como fin, eliminar impurezas y materiales no deseados de los de los combustibles obtenidos del craqueo de aceite. El producto final que se obtiene es un&nbsp; combustible industrial de similares caracter&iacute;sticas del Di&eacute;sel&nbsp; pero con menor contenido de azufre tambi&eacute;n denominado Gasoleo.</p>", "nombre": "Medio Ambiente", "bg_image": "fotos/ZjR5cyeuOldLok0zENaD.png"}}, {"pk": 3, "model": "portal.unidadnegocio", "fields": {"representantes": [5], "empresa": 1, "descripcion_en": "", "email_contacto": null, "nombre_en": "", "clientes_es": "", "descripcion_es": "<p>Nuestra divisi&oacute;n de turismo tiene a su cargo el desarrollo de proyectos de hoteles y restaurantes, as&iacute; como el manejo de nuestra participaci&oacute;n en proyectos desarrollados conjuntamente con operadores reconocidos internacionalmente. Actualmente contamos con inversiones en el hotel Sonesta de Cusco (inaugurado en 2012), el hotel Sonesta City Center de Arequipa (en construcci&oacute;n) y el hotel Las Casitas del Colca (adquirido a Orient Express en 2012). Asimismo apostamos por el apoyo al emprendimiento nacional teniendo una participaci&oacute;n en el restaurant Lima London por Virgilio Mart&iacute;nez en la ciudad de Londres.</p>\r\n<p>Sonesta Arequipa: En sociedad con el grupo colombiano GHL Hoteles, se viene construyendo un hotel 4 estrellas, que cuenta con un &aacute;rea construida de 9,439 m2, cuyo p&uacute;blico objetivo es principalmente el segmento corporativo, adem&aacute;s de grupos de convencionistas, turismo individual y grupal. El Hotel constar&aacute; de 128 habitaciones de 24 m2 en promedio, distribuidas en 8 pisos y estar&aacute; ubicado en la Torre 1 de nuestro Centro Empresarial City Center. Este recinto hotelero, se constituir&aacute; sin duda en el mejor hotel de la ciudad de Arequipa al ser el &uacute;nico de construcci&oacute;n moderna e instalaciones dise&ntilde;adas y construidas para brindar a los hu&eacute;spedes un servicio de hospedaje de un alto est&aacute;ndar.</p>\r\n<p>Sonesta Cusco: Fue construido en 1986 bajo el nombre de Cusco Savoy, ahora decorado con un estilo contempor&aacute;neo, muestra espaciosas habitaciones y un fino restaurante de cl&aacute;sica cocina peruana. Este hotel se inici&oacute; con 70 habitaciones y actualmente, gracias a una inversi&oacute;n recibida por la Sociedad Hotelera del Sur, cuenta con un total de 128 habitaciones habilitadas.</p>\r\n<p>Las Casitas del Colca: Es una propiedad de lujo que ofrece alojamiento de primera clase en el coraz&oacute;n del Ca&ntilde;&oacute;n del Colca, uno de los m&aacute;s profundos y bellos del mundo ubicado en el departamento de Arequipa, Per&uacute;. Con veinte casitas individuales distribuidas a lo largo de las 24 hect&aacute;reas de terreno, el complejo ofrece un para&iacute;so natural ideal para el descanso y la relajaci&oacute;n, una vista impresionante en un entorno tan acogedor como &uacute;nico acompa&ntilde;ado del m&aacute;s fino servicio que hacen del hotel un verdadero refugio de paz y tranquilidad.</p>\r\n<p>Tambopata: Considerando la cosmovisi&oacute;n amaz&oacute;nica, este proyecto en fase de concepto, estima incluir aproximadamente 60 caba&ntilde;as tur&iacute;sticas en un terreno de 55 hect&aacute;reas con una frentera de 1,200 m. hacia el r&iacute;o Madre de Dios, ubicado en la reserva nacional de Tambopata, en el departamento de Madre de Dios. Su acceso es por la v&iacute;a fluvial, a 15 minutos (20 km.) de la ciudad de Puerto Maldonado. Las instalaciones contar&aacute;n con un restaurante, spa, &aacute;rea para venta de souvenirs, canopy, vivero org&aacute;nico, espacio espiritual, &aacute;rea para mostrar la biodiversidad, centro para rescate/recuperaci&oacute;n de animales, zona de cultivo de &aacute;rboles frutales.</p>", "clientes_en": "", "nombre_es": "Turismo", "clientes": null, "logo": "fotos/wfKNdbshuyrsba4vAOA5.png", "descripcion": "<p>Nuestra divisi&oacute;n de turismo tiene a su cargo el desarrollo de proyectos de hoteles y restaurantes, as&iacute; como el manejo de nuestra participaci&oacute;n en proyectos desarrollados conjuntamente con operadores reconocidos internacionalmente. Actualmente contamos con inversiones en el hotel Sonesta de Cusco (inaugurado en 2012), el hotel Sonesta City Center de Arequipa (en construcci&oacute;n) y el hotel Las Casitas del Colca (adquirido a Orient Express en 2012). Asimismo apostamos por el apoyo al emprendimiento nacional teniendo una participaci&oacute;n en el restaurant Lima London por Virgilio Mart&iacute;nez en la ciudad de Londres.</p>\r\n<p>Sonesta Arequipa: En sociedad con el grupo colombiano GHL Hoteles, se viene construyendo un hotel 4 estrellas, que cuenta con un &aacute;rea construida de 9,439 m2, cuyo p&uacute;blico objetivo es principalmente el segmento corporativo, adem&aacute;s de grupos de convencionistas, turismo individual y grupal. El Hotel constar&aacute; de 128 habitaciones de 24 m2 en promedio, distribuidas en 8 pisos y estar&aacute; ubicado en la Torre 1 de nuestro Centro Empresarial City Center. Este recinto hotelero, se constituir&aacute; sin duda en el mejor hotel de la ciudad de Arequipa al ser el &uacute;nico de construcci&oacute;n moderna e instalaciones dise&ntilde;adas y construidas para brindar a los hu&eacute;spedes un servicio de hospedaje de un alto est&aacute;ndar.</p>\r\n<p>Sonesta Cusco: Fue construido en 1986 bajo el nombre de Cusco Savoy, ahora decorado con un estilo contempor&aacute;neo, muestra espaciosas habitaciones y un fino restaurante de cl&aacute;sica cocina peruana. Este hotel se inici&oacute; con 70 habitaciones y actualmente, gracias a una inversi&oacute;n recibida por la Sociedad Hotelera del Sur, cuenta con un total de 128 habitaciones habilitadas.</p>\r\n<p>Las Casitas del Colca: Es una propiedad de lujo que ofrece alojamiento de primera clase en el coraz&oacute;n del Ca&ntilde;&oacute;n del Colca, uno de los m&aacute;s profundos y bellos del mundo ubicado en el departamento de Arequipa, Per&uacute;. Con veinte casitas individuales distribuidas a lo largo de las 24 hect&aacute;reas de terreno, el complejo ofrece un para&iacute;so natural ideal para el descanso y la relajaci&oacute;n, una vista impresionante en un entorno tan acogedor como &uacute;nico acompa&ntilde;ado del m&aacute;s fino servicio que hacen del hotel un verdadero refugio de paz y tranquilidad.</p>\r\n<p>Tambopata: Considerando la cosmovisi&oacute;n amaz&oacute;nica, este proyecto en fase de concepto, estima incluir aproximadamente 60 caba&ntilde;as tur&iacute;sticas en un terreno de 55 hect&aacute;reas con una frentera de 1,200 m. hacia el r&iacute;o Madre de Dios, ubicado en la reserva nacional de Tambopata, en el departamento de Madre de Dios. Su acceso es por la v&iacute;a fluvial, a 15 minutos (20 km.) de la ciudad de Puerto Maldonado. Las instalaciones contar&aacute;n con un restaurante, spa, &aacute;rea para venta de souvenirs, canopy, vivero org&aacute;nico, espacio espiritual, &aacute;rea para mostrar la biodiversidad, centro para rescate/recuperaci&oacute;n de animales, zona de cultivo de &aacute;rboles frutales.</p>", "nombre": "Turismo", "bg_image": "fotos/Vo5th5sHV3VjKvLYFkQv.png"}}, {"pk": 4, "model": "portal.unidadnegocio", "fields": {"representantes": [6], "empresa": 1, "descripcion_en": "", "email_contacto": null, "nombre_en": "", "clientes_es": "", "descripcion_es": "<p>Quimera Comercial se encarga de la distribuci&oacute;n de marcas l&iacute;deres de productos destinados tanto al consumo masivo, como de aceites y lubricantes para veh&iacute;culos. Nos hemos posicionado como una de las distribuidoras l&iacute;deres en la zona Sur. Contamos con una red de distribuci&oacute;n y centros log&iacute;sticos en Arequipa, Tacna y las provincias de Moquegua e Ilo, el Valle de Majes, Caman&aacute; y Mollendo. Asimismo contamos con un equipo altamente calificado con orientaci&oacute;n de servicio al cliente.</p>\r\n<p>Distribuimos productos de fabricantes trasnacionales de prestigio como Kraft Foods con sus marcas Oreo, Club Social, Ritz, Field, Halls Trident, Clorets, Soda, Vainilla y Cream Crackers Field; productos Tissue con sus marcas Elite, Baby Sec, Stayfree, Noble; Molitalia l&iacute;der en pastas con sus marcas &nbsp;Molitalia y Marco Polo, galletas Costa y caramelos Ambrosoli, conservas de fruta y pescados Fanny, y Avena tres Ositos; &nbsp;ADM&nbsp;con sus marcas de aceites comestibles Sao e Ideal; y de fabricantes del mercado nacional como cereales &Aacute;ngel y Sure&ntilde;o con productos de arroz, az&uacute;car y menestras.</p>\r\n<p>Tambi&eacute;n contamos con el rubro de comercializaci&oacute;n de importaci&oacute;n y distribuci&oacute;n de lubricantes en todo el Per&uacute;. Somos representantes exclusivos de la transnacional Phillips 66 para su marca Kendall, contamos con oficinas en el territorio nacional, as&iacute; como un equipo altamente calificado.</p>", "clientes_en": "", "nombre_es": "Comercial", "clientes": null, "logo": "fotos/uFHyXJWwp50OqeBdZap3.png", "descripcion": "<p>Quimera Comercial se encarga de la distribuci&oacute;n de marcas l&iacute;deres de productos destinados tanto al consumo masivo, como de aceites y lubricantes para veh&iacute;culos. Nos hemos posicionado como una de las distribuidoras l&iacute;deres en la zona Sur. Contamos con una red de distribuci&oacute;n y centros log&iacute;sticos en Arequipa, Tacna y las provincias de Moquegua e Ilo, el Valle de Majes, Caman&aacute; y Mollendo. Asimismo contamos con un equipo altamente calificado con orientaci&oacute;n de servicio al cliente.</p>\r\n<p>Distribuimos productos de fabricantes trasnacionales de prestigio como Kraft Foods con sus marcas Oreo, Club Social, Ritz, Field, Halls Trident, Clorets, Soda, Vainilla y Cream Crackers Field; productos Tissue con sus marcas Elite, Baby Sec, Stayfree, Noble; Molitalia l&iacute;der en pastas con sus marcas &nbsp;Molitalia y Marco Polo, galletas Costa y caramelos Ambrosoli, conservas de fruta y pescados Fanny, y Avena tres Ositos; &nbsp;ADM&nbsp;con sus marcas de aceites comestibles Sao e Ideal; y de fabricantes del mercado nacional como cereales &Aacute;ngel y Sure&ntilde;o con productos de arroz, az&uacute;car y menestras.</p>\r\n<p>Tambi&eacute;n contamos con el rubro de comercializaci&oacute;n de importaci&oacute;n y distribuci&oacute;n de lubricantes en todo el Per&uacute;. Somos representantes exclusivos de la transnacional Phillips 66 para su marca Kendall, contamos con oficinas en el territorio nacional, as&iacute; como un equipo altamente calificado.</p>", "nombre": "Comercial", "bg_image": "fotos/CaImG4TznUzvIGAVSUWA.png"}}, {"pk": 5, "model": "portal.unidadnegocio", "fields": {"representantes": [7, 10], "empresa": 1, "descripcion_en": "", "email_contacto": null, "nombre_en": "", "clientes_es": "", "descripcion_es": "<p>Con varios a&ntilde;os de experiencia en el alquiler de maquinaria pesada y en el movimiento masivo de tierras en el sector minero y de construcci&oacute;n, nuestra divisi&oacute;n de Servicios tiene un impecable record de seguridad, adem&aacute;s de una reconocida disposici&oacute;n para llevar a cabo contratos poniendo &eacute;nfasis en la efectividad y eficiencia. Mantenemos relaciones con los principales proveedores como Caterpillar y New Holland para poder cumplir con las expectativas de nuestros principales clientes, Xtrata y Stracon. Contamos con un pull de 80 equipos y personal calificado que nos permite atender todo tipo de movimiento masivo tierras, cumpliendo est&aacute;ndares internacionales de seguridad y respeto al medio ambiente. Contamos con excavadoras, tractores de oruga, motoniveladoras, volquetes, etc. que pueden tambi&eacute;n ser alquilados a las empresas que, contando con la infraestructura suficiente, requieran solamente alquilar equipo pesado.</p>", "clientes_en": "", "nombre_es": "Servicios", "clientes": null, "logo": "fotos/GknHgCGnjei9ueLsXBx7.png", "descripcion": "<p>Con varios a&ntilde;os de experiencia en el alquiler de maquinaria pesada y en el movimiento masivo de tierras en el sector minero y de construcci&oacute;n, nuestra divisi&oacute;n de Servicios tiene un impecable record de seguridad, adem&aacute;s de una reconocida disposici&oacute;n para llevar a cabo contratos poniendo &eacute;nfasis en la efectividad y eficiencia. Mantenemos relaciones con los principales proveedores como Caterpillar y New Holland para poder cumplir con las expectativas de nuestros principales clientes, Xtrata y Stracon. Contamos con un pull de 80 equipos y personal calificado que nos permite atender todo tipo de movimiento masivo tierras, cumpliendo est&aacute;ndares internacionales de seguridad y respeto al medio ambiente. Contamos con excavadoras, tractores de oruga, motoniveladoras, volquetes, etc. que pueden tambi&eacute;n ser alquilados a las empresas que, contando con la infraestructura suficiente, requieran solamente alquilar equipo pesado.</p>", "nombre": "Servicios", "bg_image": "fotos/ney7V6QcwHuoViiT91kU.png"}}, {"pk": 6, "model": "portal.unidadnegocio", "fields": {"representantes": [3], "empresa": 1, "descripcion_en": "", "email_contacto": null, "nombre_en": "", "clientes_es": "", "descripcion_es": "<p>Quimera Capital es el brazo de estructuraci&oacute;n financiera y administraci&oacute;n de inversiones del grupo. Nos encargamos de crear veh&iacute;culos para canalizar la participaci&oacute;n de inversionistas privados de alto patrimonio y home offices a trav&eacute;s de fondos de inversi&oacute;n, fideicomisos y contratos de asociaci&oacute;n en oportunidades previamente identificadas. Adem&aacute;s establecemos y manejamos relaciones con empresas nacionales y extranjeras que deseen participar en nuestros distintos proyectos de inversi&oacute;n.</p>", "clientes_en": "", "nombre_es": "Capital", "clientes": null, "logo": "fotos/pnGCTKbIYFGudAmBbiCL.png", "descripcion": "<p>Quimera Capital es el brazo de estructuraci&oacute;n financiera y administraci&oacute;n de inversiones del grupo. Nos encargamos de crear veh&iacute;culos para canalizar la participaci&oacute;n de inversionistas privados de alto patrimonio y home offices a trav&eacute;s de fondos de inversi&oacute;n, fideicomisos y contratos de asociaci&oacute;n en oportunidades previamente identificadas. Adem&aacute;s establecemos y manejamos relaciones con empresas nacionales y extranjeras que deseen participar en nuestros distintos proyectos de inversi&oacute;n.</p>", "nombre": "Capital", "bg_image": "fotos/DuKrqTvOjMEnGsri7ThM.png"}}, {"pk": 7, "model": "portal.unidadnegocio", "fields": {"representantes": [4], "empresa": 1, "descripcion_en": "", "email_contacto": null, "nombre_en": "", "clientes_es": "", "descripcion_es": "<p>Debido a nuestra flexibilidad, agilidad e innovaci&oacute;n constante hemos formado una divisi&oacute;n que se encarga de la conceptualizaci&oacute;n, evaluaci&oacute;n y desarrollo, en la primera fase de nuevos proyectos, ya sea trabajando de la mano con las empresas existentes del grupo as&iacute; como desarrollando conjuntamente nuevos negocios en asociaci&oacute;n con otras empresas, ya sea a trav&eacute;s de representaciones comerciales, joint ventures, franquicias o aportando capital semilla.</p>", "clientes_en": "", "nombre_es": "Proyectos", "clientes": null, "logo": "fotos/4urjIHCNfOi3m6rrt6eb.png", "descripcion": "<p>Debido a nuestra flexibilidad, agilidad e innovaci&oacute;n constante hemos formado una divisi&oacute;n que se encarga de la conceptualizaci&oacute;n, evaluaci&oacute;n y desarrollo, en la primera fase de nuevos proyectos, ya sea trabajando de la mano con las empresas existentes del grupo as&iacute; como desarrollando conjuntamente nuevos negocios en asociaci&oacute;n con otras empresas, ya sea a trav&eacute;s de representaciones comerciales, joint ventures, franquicias o aportando capital semilla.</p>", "nombre": "Proyectos", "bg_image": "fotos/iWDqaqtXAkf1btEQ5S5O.png"}}, {"pk": 1, "model": "portal.categoria", "fields": {"nombre": "Venta", "nombre_es": "Venta", "unidad_negocio": 1, "nombre_en": ""}}, {"pk": 2, "model": "portal.categoria", "fields": {"nombre": "Alquiler", "nombre_es": "Alquiler", "unidad_negocio": 1, "nombre_en": ""}}, {"pk": 1, "model": "portal.proyecto", "fields": {"categoria": 1, "fotos": [1, 2, 3, 4], "descripcion_en": "", "url": "http://quimerainmobiliaria.com/city_center", "nombre_en": "", "descripcion_es": "<p>Complejo empresarial comprendido de 2 torres de 20 pisos cada una, cuenta con un hotel 5 estrellas, entidades financieras y de seguros, oficinas especializadas, restaurantes y caf&eacute;s, club empresarial, centro de estudios de posgrado, casino, spa y comercios, tiendas vitrina, 600 estacionamientos, entre otros.&nbsp;</p>", "nombre_es": "City Center", "descripcion": "<p>Complejo empresarial comprendido de 2 torres de 20 pisos cada una, cuenta con un hotel 5 estrellas, entidades financieras y de seguros, oficinas especializadas, restaurantes y caf&eacute;s, club empresarial, centro de estudios de posgrado, casino, spa y comercios, tiendas vitrina, 600 estacionamientos, entre otros.&nbsp;</p>", "nombre": "City Center"}}, {"pk": 2, "model": "portal.proyecto", "fields": {"categoria": 1, "fotos": [5, 6, 7, 8], "descripcion_en": "", "url": "", "nombre_en": "", "descripcion_es": "<p>Condominio de exclusivo de casas de campo que bordea un hotel de lujo, construido en la zona campestre del pueblo colonial de Yanque en el Valle del Colca, a s&oacute;lo dos horas de la ciudad de Arequipa<strong>. &nbsp;&nbsp;</strong><a href=\"http://quimerainmobiliaria.com/senorio\" target=\"_blank\">http://quimerainmobiliaria.com/senorio</a></p>", "nombre_es": "Las Casitas del Colca Se\u00f1orio", "descripcion": "<p>Condominio de exclusivo de casas de campo que bordea un hotel de lujo, construido en la zona campestre del pueblo colonial de Yanque en el Valle del Colca, a s&oacute;lo dos horas de la ciudad de Arequipa<strong>. &nbsp;&nbsp;</strong><a href=\"http://quimerainmobiliaria.com/senorio\" target=\"_blank\">http://quimerainmobiliaria.com/senorio</a></p>", "nombre": "Las Casitas del Colca Se\u00f1orio"}}, {"pk": 4, "model": "portal.proyecto", "fields": {"categoria": 1, "fotos": [9, 10], "descripcion_en": "", "url": "http://quimerainmobiliaria.com/golf_la_joya", "nombre_en": "", "descripcion_es": "<p>Condominio residencial ubicado en el distrito de La Joya en un &aacute;rea total de 950,000 m<sup>2</sup> distribuidos en 303 lotes de 360 a 1,000 m2. Contar&aacute; con ingreso privado, campo de golf profesional de 18 hoyos, Club House, restaurante, salones sociales, canchas de tenis, canchas mixtas, piscina, gimnasio y juegos para ni&ntilde;os.</p>", "nombre_es": "Golf la Joya", "descripcion": "<p>Condominio residencial ubicado en el distrito de La Joya en un &aacute;rea total de 950,000 m<sup>2</sup> distribuidos en 303 lotes de 360 a 1,000 m2. Contar&aacute; con ingreso privado, campo de golf profesional de 18 hoyos, Club House, restaurante, salones sociales, canchas de tenis, canchas mixtas, piscina, gimnasio y juegos para ni&ntilde;os.</p>", "nombre": "Golf la Joya"}}, {"pk": 3, "model": "portal.proyecto", "fields": {"categoria": 2, "fotos": [], "descripcion_en": "", "url": "", "nombre_en": "", "descripcion_es": "<p>Posibilidad de alquilar en el primer centro empresarial de la regi&oacute;n Sur, que contar&aacute; con entidades financieras y de seguros, restaurantes, club empresarial, centro de estudios de posgrado, casino, spa, tiendas vitrina, 600 estacionamientos entre otros. <a href=\"http://quimerainmobiliaria.com/city_center\" target=\"_blank\">http://quimerainmobiliaria.com/city_center</a></p>", "nombre_es": "City Center", "descripcion": "<p>Posibilidad de alquilar en el primer centro empresarial de la regi&oacute;n Sur, que contar&aacute; con entidades financieras y de seguros, restaurantes, club empresarial, centro de estudios de posgrado, casino, spa, tiendas vitrina, 600 estacionamientos entre otros. <a href=\"http://quimerainmobiliaria.com/city_center\" target=\"_blank\">http://quimerainmobiliaria.com/city_center</a></p>", "nombre": "City Center"}}, {"pk": 17, "model": "portal.proyecto", "fields": {"categoria": 1, "fotos": [], "descripcion_en": "", "url": "", "nombre_en": "", "descripcion_es": "<p>Proyecto de habilitaci&oacute;n urbana de 42 lotes unifamiliares, ubicado en el distrito de J.L.B. y R., cuenta con caseta de vigilancia y pistas adoquinadas.</p>", "nombre_es": "Las Lomas de Tasahuayo", "descripcion": "<p>Proyecto de habilitaci&oacute;n urbana de 42 lotes unifamiliares, ubicado en el distrito de J.L.B. y R., cuenta con caseta de vigilancia y pistas adoquinadas.</p>", "nombre": "Las Lomas de Tasahuayo"}}, {"pk": 5, "model": "portal.proyecto", "fields": {"categoria": 1, "fotos": [11, 12], "descripcion_en": "", "url": "", "nombre_en": "", "descripcion_es": "<p>Condominio exclusivo ubicado en la ciudad de Ilo, con un &aacute;rea total de 16,508.51 m2 distribuidos en 55 lotes. Contar&aacute; con cerco perim&eacute;trico, pistas adoquinadas, zona BBQ, juegos para ni&ntilde;os, sal&oacute;n de usos m&uacute;ltiples y amplias &aacute;reas verdes. <a href=\"http://quimerainmobiliaria.com/residencial_valle_de_los_olivos\" target=\"_blank\">http://quimerainmobiliaria.com/residencial_valle_de_los_olivos</a></p>", "nombre_es": "Valle de los Olivos", "descripcion": "<p>Condominio exclusivo ubicado en la ciudad de Ilo, con un &aacute;rea total de 16,508.51 m2 distribuidos en 55 lotes. Contar&aacute; con cerco perim&eacute;trico, pistas adoquinadas, zona BBQ, juegos para ni&ntilde;os, sal&oacute;n de usos m&uacute;ltiples y amplias &aacute;reas verdes. <a href=\"http://quimerainmobiliaria.com/residencial_valle_de_los_olivos\" target=\"_blank\">http://quimerainmobiliaria.com/residencial_valle_de_los_olivos</a></p>", "nombre": "Valle de los Olivos"}}, {"pk": 13, "model": "portal.proyecto", "fields": {"categoria": 1, "fotos": [], "descripcion_en": "", "url": "", "nombre_en": "", "descripcion_es": "<p>Residencial privada de c&oacute;modos departamentos pensados como opci&oacute;n de primera vivienda. Cuenta con una vista maravillosa a los volcanes y campi&ntilde;a que caracteriza al valle de Chilina, a solo 10 minutos del centro de Arequipa y con proximidad al puente Chilina.</p>", "nombre_es": "Villa Encanto", "descripcion": "<p>Residencial privada de c&oacute;modos departamentos pensados como opci&oacute;n de primera vivienda. Cuenta con una vista maravillosa a los volcanes y campi&ntilde;a que caracteriza al valle de Chilina, a solo 10 minutos del centro de Arequipa y con proximidad al puente Chilina.</p>", "nombre": "Villa Encanto"}}, {"pk": 14, "model": "portal.proyecto", "fields": {"categoria": 1, "fotos": [], "descripcion_en": "", "url": "", "nombre_en": "", "descripcion_es": "<p>Urbanizaci&oacute;n privada de casas de campo, consta de 30 lotes de &aacute;reas extensas que permiten vivir en mayor contacto con la naturaleza, gozar de aire puro, tranquilidad y alejado de la contaminaci&oacute;n y estr&eacute;s de la ciudad, con clima soleado todo el a&ntilde;o.<strong></strong></p>", "nombre_es": "Sol de la Joya", "descripcion": "<p>Urbanizaci&oacute;n privada de casas de campo, consta de 30 lotes de &aacute;reas extensas que permiten vivir en mayor contacto con la naturaleza, gozar de aire puro, tranquilidad y alejado de la contaminaci&oacute;n y estr&eacute;s de la ciudad, con clima soleado todo el a&ntilde;o.<strong></strong></p>", "nombre": "Sol de la Joya"}}, {"pk": 8, "model": "portal.proyecto", "fields": {"categoria": 1, "fotos": [19, 20, 21, 22, 23, 24, 25, 26], "descripcion_en": "", "url": "", "nombre_en": "", "descripcion_es": "<p>Condominio exclusivo que consta de 11 exclusivos departamentos, ubicado en el distrito de Mej&iacute;a (Mollendo). Cada departamento exhibe caracter&iacute;sticas excepcionales de dise&ntilde;o y confort, con una excelente vista al mar y hacia las Lagunas de Mej&iacute;a. <a href=\"http://quimerainmobiliaria.com/aquaria_mejia\" target=\"_blank\">http://quimerainmobiliaria.com/aquaria_mejia</a></p>", "nombre_es": "Aquaria \u2013 Mej\u00eda", "descripcion": "<p>Condominio exclusivo que consta de 11 exclusivos departamentos, ubicado en el distrito de Mej&iacute;a (Mollendo). Cada departamento exhibe caracter&iacute;sticas excepcionales de dise&ntilde;o y confort, con una excelente vista al mar y hacia las Lagunas de Mej&iacute;a. <a href=\"http://quimerainmobiliaria.com/aquaria_mejia\" target=\"_blank\">http://quimerainmobiliaria.com/aquaria_mejia</a></p>", "nombre": "Aquaria \u2013 Mej\u00eda"}}, {"pk": 7, "model": "portal.proyecto", "fields": {"categoria": 1, "fotos": [], "descripcion_en": "", "url": "", "nombre_en": "", "descripcion_es": "<p>Proyecto residencial ubicado a espaldas de la Av. Argentina en el distrito de Mariano Melgar. Habilitaci&oacute;n urbana de 138 lotes unifamiliares y 1 lote multifamiliar, &nbsp;desde 75 hasta 165 m2 en un &aacute;rea total de 26,306.61 m2. <a href=\"http://quimerainmobiliaria.com/residencial_santa_monica\" target=\"_blank\">http://quimerainmobiliaria.com/residencial_santa_monica</a></p>", "nombre_es": "Residencial Santa M\u00f3nica", "descripcion": "<p>Proyecto residencial ubicado a espaldas de la Av. Argentina en el distrito de Mariano Melgar. Habilitaci&oacute;n urbana de 138 lotes unifamiliares y 1 lote multifamiliar, &nbsp;desde 75 hasta 165 m2 en un &aacute;rea total de 26,306.61 m2. <a href=\"http://quimerainmobiliaria.com/residencial_santa_monica\" target=\"_blank\">http://quimerainmobiliaria.com/residencial_santa_monica</a></p>", "nombre": "Residencial Santa M\u00f3nica"}}, {"pk": 6, "model": "portal.proyecto", "fields": {"categoria": 1, "fotos": [13, 14, 15, 16, 17, 18], "descripcion_en": "", "url": "", "nombre_en": "", "descripcion_es": "<p>Condominio residencial de departamentos ubicado en la urbanizaci&oacute;n El Molino San Juan. Conformado por 3 torres de 4 pisos que albergan 1 d&uacute;plex y 10 flats de m&aacute;s de 250 m<sup>2</sup>. &nbsp; <a href=\"http://quimerainmobiliaria.com/el_molino\" target=\"_blank\">http://quimerainmobiliaria.com/el_molino</a></p>", "nombre_es": "Residencial El Molino", "descripcion": "<p>Condominio residencial de departamentos ubicado en la urbanizaci&oacute;n El Molino San Juan. Conformado por 3 torres de 4 pisos que albergan 1 d&uacute;plex y 10 flats de m&aacute;s de 250 m<sup>2</sup>. &nbsp; <a href=\"http://quimerainmobiliaria.com/el_molino\" target=\"_blank\">http://quimerainmobiliaria.com/el_molino</a></p>", "nombre": "Residencial El Molino"}}, {"pk": 23, "model": "portal.proyecto", "fields": {"categoria": 1, "fotos": [], "descripcion_en": "", "url": "", "nombre_en": "", "descripcion_es": "<p>Cuenta con un &aacute;rea total del terreno de 14,871m<sup>2</sup> y un &aacute;rea rentable de 16,450m<sup>2</sup>. Est&aacute; ubicado estrat&eacute;gicamente a 2 minutos de la Plaza de Armas de Cusco y contar&aacute; con Supermercados Metro, Almacenes Paris y Cines UVK.<strong></strong></p>", "nombre_es": "Terreno Wanchaq", "descripcion": "<p>Cuenta con un &aacute;rea total del terreno de 14,871m<sup>2</sup> y un &aacute;rea rentable de 16,450m<sup>2</sup>. Est&aacute; ubicado estrat&eacute;gicamente a 2 minutos de la Plaza de Armas de Cusco y contar&aacute; con Supermercados Metro, Almacenes Paris y Cines UVK.<strong></strong></p>", "nombre": "Terreno Wanchaq"}}, {"pk": 12, "model": "portal.proyecto", "fields": {"categoria": 2, "fotos": [], "descripcion_en": "", "url": "", "nombre_en": "", "descripcion_es": "<p>Proyecto ejecutado, para alquiler de almacenes, oficinas y espacios comerciales ubicado en la zona del Parque Industrial, brinda un concepto innovador con altos est&aacute;ndares de infraestructura, servicios, seguridad, &aacute;reas comunes para operaciones y otros.</p>\r\n<p><a href=\"http://quimerainmobiliaria.com/proyectos/desarrollado/megacentro/\" target=\"_blank\">http://quimerainmobiliaria.com/proyectos/desarrollado/megacentro/</a></p>", "nombre_es": "Mega Centro", "descripcion": "<p>Proyecto ejecutado, para alquiler de almacenes, oficinas y espacios comerciales ubicado en la zona del Parque Industrial, brinda un concepto innovador con altos est&aacute;ndares de infraestructura, servicios, seguridad, &aacute;reas comunes para operaciones y otros.</p>\r\n<p><a href=\"http://quimerainmobiliaria.com/proyectos/desarrollado/megacentro/\" target=\"_blank\">http://quimerainmobiliaria.com/proyectos/desarrollado/megacentro/</a></p>", "nombre": "Mega Centro"}}, {"pk": 16, "model": "portal.proyecto", "fields": {"categoria": 1, "fotos": [], "descripcion_en": "", "url": "", "nombre_en": "", "descripcion_es": "<p>Proyecto de habilitaci&oacute;n urbana de 54 lotes unifamiliares y 1 lote multifamiliar, ubicado en una zona exclusiva del distrito de Cerro Colorado; contando con &aacute;reas verdes de m&aacute;s de 1,200 m<sup>2</sup>, caseta de vigilancia, pistas adoquinadas y f&aacute;cil acceso a la Av. Aviaci&oacute;n.</p>", "nombre_es": "Terrazas del Rosario", "descripcion": "<p>Proyecto de habilitaci&oacute;n urbana de 54 lotes unifamiliares y 1 lote multifamiliar, ubicado en una zona exclusiva del distrito de Cerro Colorado; contando con &aacute;reas verdes de m&aacute;s de 1,200 m<sup>2</sup>, caseta de vigilancia, pistas adoquinadas y f&aacute;cil acceso a la Av. Aviaci&oacute;n.</p>", "nombre": "Terrazas del Rosario"}}, {"pk": 15, "model": "portal.proyecto", "fields": {"categoria": 1, "fotos": [], "descripcion_en": "", "url": "", "nombre_en": "", "descripcion_es": "<p>Centro Comercial ubicado en el Cono Norte de la ciudad de Arequipa, con infraestructura moderna, dise&ntilde;ado para ofrecer al p&uacute;blico comodidad, variedad y seguridad. Cuenta con un supermercado y un &aacute;rea de juegos para ni&ntilde;os, un Strip Center de dos niveles en la parte frontal para entidades financieras y empresas de servicios.&nbsp;</p>\r\n<p><a href=\"http://quimerainmobiliaria.com/plaza_norte\" target=\"_blank\">http://quimerainmobiliaria.com/plaza_norte</a></p>", "nombre_es": "Arequipa Norte", "descripcion": "<p>Centro Comercial ubicado en el Cono Norte de la ciudad de Arequipa, con infraestructura moderna, dise&ntilde;ado para ofrecer al p&uacute;blico comodidad, variedad y seguridad. Cuenta con un supermercado y un &aacute;rea de juegos para ni&ntilde;os, un Strip Center de dos niveles en la parte frontal para entidades financieras y empresas de servicios.&nbsp;</p>\r\n<p><a href=\"http://quimerainmobiliaria.com/plaza_norte\" target=\"_blank\">http://quimerainmobiliaria.com/plaza_norte</a></p>", "nombre": "Arequipa Norte"}}, {"pk": 18, "model": "portal.proyecto", "fields": {"categoria": 1, "fotos": [], "descripcion_en": "", "url": "", "nombre_en": "", "descripcion_es": "<p>Proyecto que consta de 2 terrenos de 25,346 m<sup>2</sup> y de 9,006 m<sup>2</sup> para desarrollar un centro gastron&oacute;mico y cultural, tur&iacute;stico y de servicios, y centro de eventos, ubicado a orillas del r&iacute;o Chili</p>", "nombre_es": "Vallecito", "descripcion": "<p>Proyecto que consta de 2 terrenos de 25,346 m<sup>2</sup> y de 9,006 m<sup>2</sup> para desarrollar un centro gastron&oacute;mico y cultural, tur&iacute;stico y de servicios, y centro de eventos, ubicado a orillas del r&iacute;o Chili</p>", "nombre": "Vallecito"}}, {"pk": 19, "model": "portal.proyecto", "fields": {"categoria": 1, "fotos": [], "descripcion_en": "", "url": "", "nombre_en": "", "descripcion_es": "<p>Proyecto de habilitaci&oacute;n urbana para viviendas unifamiliares, comprendido por 31 lotes y ubicado en el distrito de Sachaca, con espectacular paisaje natural que busca mantener la armon&iacute;a entre el desarrollo urbano y la conservaci&oacute;n del medio ambiente.</p>\r\n<p><a href=\"http://quimerainmobiliaria.com/los_sauces_de_fernandini\" target=\"_blank\">http://quimerainmobiliaria.com/los_sauces_de_fernandini</a></p>", "nombre_es": "Los Sauces de Fernandini", "descripcion": "<p>Proyecto de habilitaci&oacute;n urbana para viviendas unifamiliares, comprendido por 31 lotes y ubicado en el distrito de Sachaca, con espectacular paisaje natural que busca mantener la armon&iacute;a entre el desarrollo urbano y la conservaci&oacute;n del medio ambiente.</p>\r\n<p><a href=\"http://quimerainmobiliaria.com/los_sauces_de_fernandini\" target=\"_blank\">http://quimerainmobiliaria.com/los_sauces_de_fernandini</a></p>", "nombre": "Los Sauces de Fernandini"}}, {"pk": 20, "model": "portal.proyecto", "fields": {"categoria": 1, "fotos": [], "descripcion_en": "", "url": "", "nombre_en": "", "descripcion_es": "<p>Quinta Residencial de 60,000 m<sup>2</sup> ubicada en el distrito de Jos&eacute; Luis Bustamante y Rivero. Cuenta con 3 parques con sistema de riego por aspersi&oacute;n, cableado subterr&aacute;neo, pistas adoquinadas y postes ornamentales tipo farol.</p>", "nombre_es": "Killary", "descripcion": "<p>Quinta Residencial de 60,000 m<sup>2</sup> ubicada en el distrito de Jos&eacute; Luis Bustamante y Rivero. Cuenta con 3 parques con sistema de riego por aspersi&oacute;n, cableado subterr&aacute;neo, pistas adoquinadas y postes ornamentales tipo farol.</p>", "nombre": "Killary"}}, {"pk": 21, "model": "portal.proyecto", "fields": {"categoria": 1, "fotos": [], "descripcion_en": "", "url": "", "nombre_en": "", "descripcion_es": "<p>Proyecto de 358 departamentos en un &aacute;rea construida de 31,500 m<sup>2</sup> (&aacute;rea total de 40,000m<sup>2</sup>), dirigido a los segmentos A y B. Est&aacute; ubicado detr&aacute;s del City Center, a 15 minutos del centro de la ciudad y a 5 minutos del aeropuerto.</p>", "nombre_es": "City Apart", "descripcion": "<p>Proyecto de 358 departamentos en un &aacute;rea construida de 31,500 m<sup>2</sup> (&aacute;rea total de 40,000m<sup>2</sup>), dirigido a los segmentos A y B. Est&aacute; ubicado detr&aacute;s del City Center, a 15 minutos del centro de la ciudad y a 5 minutos del aeropuerto.</p>", "nombre": "City Apart"}}, {"pk": 22, "model": "portal.proyecto", "fields": {"categoria": 2, "fotos": [], "descripcion_en": "", "url": "", "nombre_en": "", "descripcion_es": "<p>Exclusivo centro de eventos, cuenta con salones y jardines de la casona que perteneci&oacute; a una de las familias m&aacute;s importantes de la Arequipa Colonial y cuyo interior combina tradici&oacute;n con historia, donde podr&aacute; realizar y compartir los mejores momentos de su vida personal y empresarial.<strong></strong></p>", "nombre_es": "Palacio de Goyoneche", "descripcion": "<p>Exclusivo centro de eventos, cuenta con salones y jardines de la casona que perteneci&oacute; a una de las familias m&aacute;s importantes de la Arequipa Colonial y cuyo interior combina tradici&oacute;n con historia, donde podr&aacute; realizar y compartir los mejores momentos de su vida personal y empresarial.<strong></strong></p>", "nombre": "Palacio de Goyoneche"}}, {"pk": 1, "model": "portal.noticia", "fields": {"descripcion_en": "", "fecha": "2013-05-28", "nombre_en": "", "descripcion_es": "M\u00e1s de siete ciudades del pa\u00eds tendr\u00e1n su primer centro comercial en el 2013, entre ellas, Cusco, Pucallpa, Huancayo, Barranca y Pisco . Mas (http://quimerainmobiliaria.com/noticias/2012/11/11/se-abriran-14-malls-en-el-interior-del-pais-el-proximo-ano/)", "nombre_es": "Se abrir\u00e1n 14 \u2018malls\u2019 en el interior del pa\u00eds el pr\u00f3ximo a\u00f1o: Plaza Norte y Wanchaq", "descripcion": "M\u00e1s de siete ciudades del pa\u00eds tendr\u00e1n su primer centro comercial en el 2013, entre ellas, Cusco, Pucallpa, Huancayo, Barranca y Pisco . Mas (http://quimerainmobiliaria.com/noticias/2012/11/11/se-abriran-14-malls-en-el-interior-del-pais-el-proximo-ano/)", "nombre": "Se abrir\u00e1n 14 \u2018malls\u2019 en el interior del pa\u00eds el pr\u00f3ximo a\u00f1o: Plaza Norte y Wanchaq", "imagen": ""}}, {"pk": 2, "model": "portal.noticia", "fields": {"descripcion_en": "", "fecha": "2013-05-28", "nombre_en": "", "descripcion_es": "Yo creo que el ADN de Quimera son las personas\", comenta Juan Carlos C\u00f3rdova. El presidente de Quimera Holding explica: \" S\u00e9 que suena a clich\u00e9, pero, para nosotros, las personas son el ADN primordial.  Mas (http://quimerainmobiliaria.com/noticias/2012/11/27/adelantarse-al-mercado-el-proyecto-quimera-holding-se-viene-consolidando/)", "nombre_es": "Adelantarse al Mercado. El proyecto Quimera Holding se viene consolidando.", "descripcion": "Yo creo que el ADN de Quimera son las personas\", comenta Juan Carlos C\u00f3rdova. El presidente de Quimera Holding explica: \" S\u00e9 que suena a clich\u00e9, pero, para nosotros, las personas son el ADN primordial.  Mas (http://quimerainmobiliaria.com/noticias/2012/11/27/adelantarse-al-mercado-el-proyecto-quimera-holding-se-viene-consolidando/)", "nombre": "Adelantarse al Mercado. El proyecto Quimera Holding se viene consolidando.", "imagen": ""}}, {"pk": 1, "model": "portal.responsabilidadsocial", "fields": {"politica": "<p>Las &aacute;reas en las cuales nos apoyamos regularmente est&aacute;n relacionadas a la educaci&oacute;n, cuidado del medio ambiente y salud. Desarrollamos proyectos y campa&ntilde;as internamente desde Quimerahg y tambi&eacute;n colaboramos con otras empresas y organizaciones participando en diversos proyectos cada a&ntilde;o.</p>", "introduccion_es": "<p>Una parte fundamental de nuestra filosof&iacute;a es contribuir al desarrollo econ&oacute;mico y social local, brindando oportunidades a las personas menos aventajadas a trav&eacute;s de campa&ntilde;as organizadas por todos nuestros colaboradores, as&iacute; como donaciones y auspicios desarrollados conjuntamente con otras organizaciones.</p>", "politica_es": "<p>Las &aacute;reas en las cuales nos apoyamos regularmente est&aacute;n relacionadas a la educaci&oacute;n, cuidado del medio ambiente y salud. Desarrollamos proyectos y campa&ntilde;as internamente desde Quimerahg y tambi&eacute;n colaboramos con otras empresas y organizaciones participando en diversos proyectos cada a&ntilde;o.</p>", "politica_en": "", "introduccion": "<p>Una parte fundamental de nuestra filosof&iacute;a es contribuir al desarrollo econ&oacute;mico y social local, brindando oportunidades a las personas menos aventajadas a trav&eacute;s de campa&ntilde;as organizadas por todos nuestros colaboradores, as&iacute; como donaciones y auspicios desarrollados conjuntamente con otras organizaciones.</p>", "introduccion_en": ""}}, {"pk": 1, "model": "portal.campania", "fields": {"nombre": "Prueba", "nombre_es": "Prueba", "nombre_en": "Prueba"}}, {"pk": 1, "model": "portal.actividad", "fields": {"fotos": [], "descripcion_en": "", "campania": 1, "nombre_en": "", "descripcion_es": "<p>Durante los a&ntilde;os 2011 y 2012 participamos como auspiciadores del programa de j&oacute;venes l&iacute;deres de Ense&ntilde;aPeru, que recluta a j&oacute;venes reci&eacute;n egresados de las principales universidades para que desarrollen programas educativos innovadores en colegios p&uacute;blicos en zonas de escasos recursos.</p>", "nombre_es": "Ense\u00f1aPeru", "descripcion": "<p>Durante los a&ntilde;os 2011 y 2012 participamos como auspiciadores del programa de j&oacute;venes l&iacute;deres de Ense&ntilde;aPeru, que recluta a j&oacute;venes reci&eacute;n egresados de las principales universidades para que desarrollen programas educativos innovadores en colegios p&uacute;blicos en zonas de escasos recursos.</p>", "nombre": "Ense\u00f1aPeru"}}, {"pk": 2, "model": "portal.actividad", "fields": {"fotos": [], "descripcion_en": "", "campania": 1, "nombre_en": "", "descripcion_es": "<p>Organizamos la recolecci&oacute;n de prendas de vestir y abrigo para contrarrestar los efectos del friaje en zonas alto andinas muy alejadas que sufren cada invierno con este fen&oacute;meno.&nbsp;</p>", "nombre_es": "Campa\u00f1a \u201cAbrigame\u201d  ", "descripcion": "<p>Organizamos la recolecci&oacute;n de prendas de vestir y abrigo para contrarrestar los efectos del friaje en zonas alto andinas muy alejadas que sufren cada invierno con este fen&oacute;meno.&nbsp;</p>", "nombre": "Campa\u00f1a \u201cAbrigame\u201d  "}}, {"pk": 3, "model": "portal.actividad", "fields": {"fotos": [], "descripcion_en": "", "campania": 1, "nombre_en": "", "descripcion_es": "<p>Durante los &uacute;ltimos 4 a&ntilde;os Quimera Holding ha participado en Operaci&oacute;n Sonrisa que se encarga de brindar operaciones gratuitas a ni&ntilde;os y j&oacute;venes que sufren f&iacute;sica y emocionalmente a causa de la malformaci&oacute;n facial cong&eacute;nita conocida como labio leporino o paladar hendido.</p>", "nombre_es": "Campa\u00f1a \u201cOperaci\u00f3n Sonrisa\u201d ", "descripcion": "<p>Durante los &uacute;ltimos 4 a&ntilde;os Quimera Holding ha participado en Operaci&oacute;n Sonrisa que se encarga de brindar operaciones gratuitas a ni&ntilde;os y j&oacute;venes que sufren f&iacute;sica y emocionalmente a causa de la malformaci&oacute;n facial cong&eacute;nita conocida como labio leporino o paladar hendido.</p>", "nombre": "Campa\u00f1a \u201cOperaci\u00f3n Sonrisa\u201d "}}, {"pk": 4, "model": "portal.actividad", "fields": {"fotos": [], "descripcion_en": "", "campania": 1, "nombre_en": "", "descripcion_es": "<p>Los colaboradores de Quimera recolectaron m&aacute;s de 400 libros para un programa de lectura de un colegio p&uacute;blico de nuestro distrito, ayudando as&iacute; a crear una biblioteca con material de lectura para lo alumnos de primaria.&nbsp;</p>", "nombre_es": "Campa\u00f1a \u201cUn Libro para Todos\u201d  ", "descripcion": "<p>Los colaboradores de Quimera recolectaron m&aacute;s de 400 libros para un programa de lectura de un colegio p&uacute;blico de nuestro distrito, ayudando as&iacute; a crear una biblioteca con material de lectura para lo alumnos de primaria.&nbsp;</p>", "nombre": "Campa\u00f1a \u201cUn Libro para Todos\u201d  "}}, {"pk": 5, "model": "portal.actividad", "fields": {"fotos": [], "descripcion_en": "", "campania": 1, "nombre_en": "", "descripcion_es": "<p>Compartimos con m&aacute;s de 500 ni&ntilde;os a quienes les ofrecimos un d&iacute;a completo con peque&ntilde;os regalos, m&uacute;sica, juegos, bailes y un refrigerio, todo organizado por nuestros colaboradores. Adem&aacute;s organizamos una chocolatada en el pueblo de Achoma en el Ca&ntilde;&oacute;n del Colca para todos los ni&ntilde;os y personas de la tercera edad del pueblo.</p>", "nombre_es": "Fiesta Navide\u00f1a Quimera", "descripcion": "<p>Compartimos con m&aacute;s de 500 ni&ntilde;os a quienes les ofrecimos un d&iacute;a completo con peque&ntilde;os regalos, m&uacute;sica, juegos, bailes y un refrigerio, todo organizado por nuestros colaboradores. Adem&aacute;s organizamos una chocolatada en el pueblo de Achoma en el Ca&ntilde;&oacute;n del Colca para todos los ni&ntilde;os y personas de la tercera edad del pueblo.</p>", "nombre": "Fiesta Navide\u00f1a Quimera"}}, {"pk": 6, "model": "portal.actividad", "fields": {"fotos": [], "descripcion_en": "", "campania": 1, "nombre_en": "", "descripcion_es": "<p>Es una iniciativa que brinda informaci&oacute;n sobre oportunidades educativas y laborales a miles de j&oacute;venes a trav&eacute;s de una plataforma virtual. Con m&aacute;s de 12,000 usuarios, poco a poco, Primeros Puestos se ha convertido en una herramienta &uacute;til para conectar a j&oacute;venes destacados con oportunidades de estudio en el extranjero y trabajos en las principales empresas del pa&iacute;s.</p>", "nombre_es": "PrimerosPuestos", "descripcion": "<p>Es una iniciativa que brinda informaci&oacute;n sobre oportunidades educativas y laborales a miles de j&oacute;venes a trav&eacute;s de una plataforma virtual. Con m&aacute;s de 12,000 usuarios, poco a poco, Primeros Puestos se ha convertido en una herramienta &uacute;til para conectar a j&oacute;venes destacados con oportunidades de estudio en el extranjero y trabajos en las principales empresas del pa&iacute;s.</p>", "nombre": "PrimerosPuestos"}}]